Genes,TCGA.2L.AAQE.01A,TCGA.XD.AAUL.01A,TCGA.2L.AAQJ.01A,TCGA.2L.AAQI.01A,TCGA.3A.A9IB.01A,TCGA.3A.A9IU.01A,TCGA.FB.AAPS.01A,TCGA.HV.AA8X.01A,TCGA.LB.A9Q5.01A,TCGA.HZ.A9TJ.01A,TCGA.3A.A9IH.01A,TCGA.RB.AA9M.01A,TCGA.IB.AAUQ.01A,TCGA.3A.A9J0.01A,TCGA.FB.AAQ3.01A,TCGA.FB.AAQ1.01A,TCGA.2J.AAB9.01A,TCGA.2J.AABA.01A,TCGA.2J.AABR.01A,TCGA.FB.AAQ6.01A,TCGA.2J.AABE.01A,TCGA.2J.AABT.01A,TCGA.FB.AAPQ.01A,TCGA.HV.AA8V.01A,TCGA.2J.AABV.01A,TCGA.2J.AABF.01A,TCGA.2J.AABU.01A,TCGA.FB.AAPU.01A,TCGA.2J.AABH.01A,TCGA.FB.AAPY.01A,TCGA.2J.AAB1.01A,TCGA.XD.AAUG.01A,TCGA.2J.AAB4.01A,TCGA.2J.AABI.01A,TCGA.FB.AAPZ.01A,TCGA.XD.AAUH.01A,TCGA.3A.A9IX.01A,TCGA.2J.AABK.01A,TCGA.2J.AAB6.01A,TCGA.FB.AAQ0.01A,TCGA.XD.AAUI.01A,TCGA.2J.AAB8.01A,TCGA.3A.A9IZ.01A,TCGA.2J.AABO.01A,TCGA.Z5.AAPL.01A,TCGA.FB.AAQ2.01A,TCGA.F2.6879.01A,TCGA.HZ.7925.01A,TCGA.IB.7651.01A,TCGA.HZ.7926.01A,TCGA.IB.7885.01A,TCGA.IB.7652.01A,TCGA.IB.7644.01A,TCGA.IB.7887.01A,TCGA.IB.7889.01A,TCGA.IB.7646.01A,TCGA.IB.7886.01A,TCGA.IB.7893.01A,TCGA.HZ.7919.01A,TCGA.HZ.8001.01A,TCGA.IB.7647.01A,TCGA.IB.7897.01A,TCGA.IB.7888.01A,TCGA.HZ.8002.01A,TCGA.HZ.7922.01A,TCGA.HZ.8003.01A,TCGA.IB.7649.01A,TCGA.IB.7645.01A,TCGA.IB.7890.01A,TCGA.IB.7891.01A,TCGA.H6.8124.01A,TCGA.HZ.8315.01A,TCGA.HZ.8317.01A,TCGA.HZ.8519.01A,TCGA.HZ.8636.01A,TCGA.HZ.8637.01A,TCGA.IB.8127.01A,TCGA.IB.8126.01A,TCGA.F2.A44H.01A,TCGA.FB.A4P6.01A,TCGA.FB.A4P5.01A,TCGA.H6.A45N.01A,TCGA.HV.A5A3.01A,TCGA.HV.A5A5.01A,TCGA.HV.A5A4.01A,TCGA.HZ.A49H.01A,TCGA.HV.A5A6.01A,TCGA.HZ.A49G.01A,TCGA.HZ.A4BH.01A,TCGA.HZ.A49I.01A,TCGA.HZ.A4BK.01A,TCGA.M8.A5N4.01A,TCGA.F2.A44G.01A,TCGA.HZ.8005.01A,TCGA.PZ.A5RE.01A,TCGA.FB.A78T.01A,TCGA.FB.A5VM.01A,TCGA.US.A774.01A,TCGA.OE.A75W.01A,TCGA.US.A779.01A,TCGA.IB.A5SP.01A,TCGA.IB.A5SQ.01A,TCGA.US.A77G.01A,TCGA.US.A77E.01A,TCGA.Q3.A5QY.01A,TCGA.IB.A5ST.01A,TCGA.IB.A5SO.01A,TCGA.IB.A5SS.01A,TCGA.IB.A6UF.01A,TCGA.HV.A7OL.01A,TCGA.IB.A6UG.01A,TCGA.HZ.A77P.01A,TCGA.HZ.A77O.01A,TCGA.LB.A7SX.01A,TCGA.RB.A7B8.01A,TCGA.US.A776.01A,TCGA.HZ.A8P0.01A,TCGA.IB.A7LX.01A,TCGA.HZ.A77Q.01A,TCGA.IB.A7M4.01A,TCGA.XN.A8T5.01A,TCGA.LB.A8F3.01A,TCGA.YB.A89D.01A,TCGA.YY.A8LH.01A,TCGA.S4.A8RP.01A,TCGA.XN.A8T3.01A,TCGA.F2.A8YN.01A,TCGA.S4.A8RO.01A,TCGA.HZ.A8P1.01A,TCGA.IB.AAUM.01A,TCGA.IB.AAUP.01A,TCGA.IB.AAUT.01A,TCGA.YH.A8SY.01A,TCGA.IB.AAUU.01A,TCGA.IB.AAUS.01A,TCGA.Q3.AA2A.01A,TCGA.S4.A8RM.01A,TCGA.2L.AAQA.01A,TCGA.2L.AAQL.01A,TCGA.3A.A9I5.01A,TCGA.3A.A9I9.01A,TCGA.3A.A9I7.01A,TCGA.3E.AAAY.01A,TCGA.3E.AAAZ.01A,TCGA.F2.A7TX.01A,TCGA.IB.AAUN.01A,TCGA.IB.AAUO.01A,TCGA.3A.A9IC.01A,TCGA.IB.AAUR.01A,TCGA.FB.A545.01A
AGR2,9170.5283,16406.6528,12850.9901,23211.5788,5195.6062,6284.2707,856.5517,19443.7,5941.9959,25466.5109,15115.6713,5334.7639,7839.2857,9816.2134,8506.4363,2885.336,5185.4234,13324.5655,9824.3661,14120.1878,5463.2342,4233.4168,23679.865,8194.4714,8966.9291,15903.9603,5398.4716,50688.8738,14456.8815,16239.4366,15774.1463,4962.8378,8263.0471,1091.074,12774.8009,3019.7814,3224.5023,14975.9243,1908.1871,23637.6232,5880.1387,16085.5464,28277.3234,13952.7244,2888.3191,3005.1187,22622.7915,5354.8792,2171.8708,14536.5159,6431.1488,21795.1232,18018.7117,27963.9135,17756.9015,12122.8426,19685.4643,1252.2489,12246.2964,8320.2454,11519.3413,1266.3535,18611.4474,2201.7825,10487.3662,1598.8464,8908.1007,13977.5468,2285.4917,5855.6878,17302.5097,7459.6744,24096.3426,878.4343,11819.2782,2058.5975,4999.8057,2324.0176,6060.4027,5212.5341,4926.8204,5261.8862,9682.6565,5746.3894,9826.9747,15269.0496,14067.4518,5158.6433,6388.2889,16524.8246,11580.5207,4282.5962,9469.0949,1564.0362,26704.5431,16261.34,3551.904,7514.5263,14326.713,19879.7942,37424.8047,2404.182,18417.6175,7720.9607,1880.581,4106.1599,15053.4676,5060.8217,4540.3515,16639.5564,3075.2755,8385.3528,12491.2467,5029.804,9677.4194,91707.0064,27361.674,3880.7711,3087.5441,15744.3571,5624.553,28117.7665,10508.7359,28754.0514,10877.1837,1625,12108.009,12733.2967,41449.7006,7824.3728,6947.9552,4992.823,10502.3364,16314.87,2047.5257,14719.5386,37613.7214,13604.6652,8294.4823,6739.4958,4252.1246,8881.2342,6698.6836,22024.6821,2934.9164,6677.3468,4082.0844,9411.358,2637.9621,3791.8244
AGR3,285.4495,1090.6445,1145.0495,1376.9045,84.6518,338.3128,186.8966,2449.1031,175.3825,4674.2729,1389.2169,691.8455,792.7296,1007.1297,3116.3233,116.9123,202.5723,887.4276,701.9171,674.1784,669.647,493.7422,2069.4978,642.58,820.4724,439.0892,378.821,2065.0258,586.6725,1367.2806,1595.122,398.6486,883.8384,29.0276,948.588,279.5419,568.4533,1581.2554,2.3392,1742.4924,519.5641,1237.1328,1398.513,977.5641,207.9772,128.8972,909.894,1000,203.6383,191.254,314.5087,1214.6833,827.6074,1256.7224,1316.028,2274.1117,969.6568,282.6087,845.2824,357.8732,201.2546,53.1261,504.1277,367.5579,172.591,152.0713,609.9387,514.3451,188.0662,322.9334,689.9584,863.688,436.3451,88.318,401.2934,205.2514,795.1823,253.1924,183.4452,570.8447,497.5486,356.9758,583.2175,371.4616,1319.7206,476.0321,850.1071,457.8775,571.6343,1125.0172,371.7454,317.0592,1032.5607,8.6244,4093.7071,1574.6983,29.734,620.6316,1916.0874,1295.7636,2333.6565,79.8943,1283.4322,2131.8777,140.4054,182.1756,1560.248,578.423,115.1591,2138.016,152.9854,566.7178,223.6412,179.9838,1299.2832,3139.1475,830.4715,266.3409,473.5605,835.4045,178.1883,1448.731,543.6793,1638.1876,913.1816,84.9156,422.3125,696.4231,2285.0299,331.1828,226.1572,303.8278,494.743,1600.7669,178.3439,997.1161,2916.8399,1025.9401,1150.0889,24.0096,595.4674,999.5773,681.1312,1649.5886,471.416,161.8887,265.6134,1491.358,112.7142,57.5322
ANXA10,1225.6719,2631.185,5658.9109,3042.4052,2396.8558,770.2109,508.9655,2193.2137,957.2962,7491.0936,1594.4245,57.9399,40.1786,421.4418,6679.4448,96.4277,519.8285,242.3673,1378.4787,2727.6995,3204.563,1124.5307,10386.9763,928.71,1804.7244,3285.1954,1331.8777,11883.2847,3580.5749,5934.9946,4663.4146,987.1622,3265.1515,0.7257,2356.2636,442.4779,646.8606,4326.3113,187.7193,11592.9329,2089.153,854.5241,3522.6766,592.1474,1188.604,136.8078,9601.5901,150.2981,688.0261,1146.0085,2087.1025,1054.5985,8399.6933,3276.5175,3444.9938,258.3756,1876.026,1736.1319,6911.9861,289.5706,23.0005,597.0365,4315.355,146.5241,1983.2976,752.4908,5001.3615,1505.6133,1310.3144,2132.3041,4493.586,851.1927,1285.5868,24.2545,2738.7923,40.0256,2993.7188,677.2381,953.0201,312.6703,632.6494,2567.4201,2890.3917,1991.9122,2609.3498,4324.7437,65.3105,684.3545,600.9119,3005.3638,3436.837,3688.6847,5743.9294,2.1561,3030.3905,13098.6267,3.1299,1242.9474,2977.6564,6463.2002,5961.3071,174.9833,16947.0561,1793.8865,119.1318,205.3298,2282.8361,645.602,1167.9732,5646.3339,114.8733,820.1687,4328.3429,7.422,3691.7563,1561.9794,2133.0284,187.3571,254.9941,3039.8174,1.7878,129.9492,4889.517,1832.2125,2587.6125,33.7553,3403.7359,13042.9301,7849.7006,1857.3477,279.8366,50.8373,1758.1776,6687.6864,395.3944,7862.2927,8289.3971,5611.0999,1882.3164,1.8007,640.7932,2213.0178,2899.0736,913.9865,79.5954,1349.0725,733.3881,445.4321,708.2958,1169.5685
BTNL8,49.5829,25.3638,457.4257,317.7472,2.0155,3.5149,2.7586,219.1485,20.0959,68.1581,17.8105,178.5408,79.0816,86.6121,521.8903,0.9993,13.9335,356.3488,39.5795,390.6103,39.4635,162.7034,351.7967,12.1242,58.2677,146.3631,25.1092,2943.9759,181.1847,297.9415,238.0488,29.7297,673.4007,12.3367,25.344,2.0822,58.8055,313.4136,1.7544,358.2086,49.0342,157.9318,13.3829,132.2115,55.8405,2.3267,1493.8163,252.9024,262.8292,383.1142,163.7996,201.4312,788.3436,33.6341,105.892,7.1066,725.1707,0,941.9314,11.0429,761.6309,13.0105,132.0859,47.4153,101.9272,127.4253,53.0973,208.7318,25.1097,62.1851,7.4145,45.4373,87.6768,312.1447,465.6122,89.3372,182.607,36.3664,8.9485,109.673,189.5769,349.961,105.1193,491.6233,761.4186,37.1294,18.7366,106.674,178.0658,60.5144,377.0492,93.6244,206.4018,0,972.1987,198.918,0.5216,93.4737,521.3505,54.41,1523.4508,10.7833,1387.4943,125.7642,35.6332,60.2883,34.4828,1.8977,11.5641,490.4498,4.8311,151.0736,9.4106,22.266,61.5293,1650.6614,7.9789,3.6737,173.913,495.0545,15.4946,82.7411,326.8243,889.8688,290.1006,6.3291,65.4069,0,2322.1557,54.4803,292.1564,56.8182,126.1682,1155.9438,27.9275,76.4239,812.8898,372.0088,503.8916,67.2269,237.3938,1518.5968,301.3164,21.3164,2.6385,74.7611,17.2157,165.4321,48.6925,6.813
CDH17,155.2363,481.9127,780.6931,3136.1746,309.1807,138.4007,31.0345,557.5967,63.0281,103.0963,199.787,2400.4292,209.8214,683.9187,1662.5397,235.8231,293.6763,4702.6773,575.7576,2623.4742,167.1034,2576.3454,876.7994,69.3501,137.0079,2272.7031,598.2533,6512.3404,630.662,1045.5038,3589.2683,337.8378,478.9562,3.2656,667.6322,204.0604,661.562,2185.2966,21.0526,3000.6631,773.155,869.5652,28.9963,137.8205,309.9715,572.8246,7912.8386,5515.8456,3748.303,997.4911,124.1923,318.3143,732.2086,182.8852,1007.0045,8.6294,9334.1709,77.2114,4551.6121,119.0184,3197.8568,183.9537,18.7122,331.1943,1438.9722,805.978,1109.5984,1721.8295,105.0506,109.3599,18.9481,2368.7997,1170.8933,1382.5058,161.4961,2332.0525,5765.2011,244.2723,200.2237,951.6349,466.3156,4668.7451,112.9059,1290.0058,1207.4154,128.5675,202.3555,754.9234,1077.0338,151.2859,905.4966,100.5169,980.6843,40.1035,3785.3082,299.6255,95.9833,394.1053,868.4211,186.4046,3611.4058,99.0101,198.0831,2543.2314,420.1524,1425.0765,106.5478,7.5909,176.3524,1422.6741,46.7008,2800.2301,126.7669,3214.6585,261.0514,5775.1102,2517.3458,682.8431,74.6181,509.2569,747.9142,123.3503,2698.8695,5523.0956,3003.7057,88.0802,464.0288,121.5336,8085.0299,310.3943,2687.0472,956.3397,16.9393,2845.3345,597.7462,139.1492,2316.0083,135.1297,2792.4261,20.4082,111.0482,7608.6221,333.0083,229.9925,273.9666,283.8673,79.684,33.5802,302.0739,8.327
CEACAM6,60175.6256,26116.0083,93752.4752,66886.7576,8247.1027,42241.2127,7403.4483,76754.2684,40973.7383,29030.78,24302.3909,64080.2575,27112.2449,45580.6707,38558.3062,1888.5836,21551.9829,56363.2378,25459.4929,29838.4977,29600.1233,10486.2328,40742.9012,25203.2008,2458.2677,30820.9444,9665.9389,69563.2095,38893.7282,33003.792,88335.6098,2891.2162,42850.1684,56.6038,41192.614,21992.1916,13508.1164,29953.5684,3925.731,60322.3285,9545.3195,55773.443,29722.6766,25591.3462,19178.3476,3011.6333,61788.8693,55491.685,10475.4276,23277.8237,11870.7728,41829.3135,57585.2761,26864.15,38755.6654,33606.0914,59847.1114,6624.8126,75520.8746,34415.1329,67267.1354,1554.7524,26821.6841,18222.8164,76522.0557,34664.3943,30190.6059,55882.3285,41688.7017,38553.8758,19428.4055,80393.0329,29713.776,16744.0328,42878.2662,1144.4124,42632.6491,2584.0715,6749.4407,23394.4142,14295.2606,43195.6352,59349.584,36118.4287,47838.259,3059.5733,68691.6488,42909.7374,38816.4147,7651.7673,52664.8987,58940.2642,51978.4768,206.1233,64522.1672,44384.9355,6697.9656,33660.2105,44478.6495,44702.3321,113957.7739,15908.7734,26460.5203,40683.8428,7350.5401,33363.9144,74673.7699,18866.6856,6615.6241,66873.6907,8087.2929,15256.135,8585.8292,37218.6014,23539.4265,9144.537,4424.97,26238.715,21137.4853,42111.0829,18594.7557,2304.5685,50475.334,36187.8514,30060.8788,2327.5316,80291.3956,28304.7317,73257.485,11113.2616,5954.0074,13424.6411,22248.8318,67373.6685,16245.9579,32257.3901,66677.3389,60365.9763,62060.1468,4767.1068,17049.8584,8191.885,27326.6699,24849.6634,23397.5374,31349.6346,12206.4111,13065.1852,11757.89,21686.6011
CLRN3,12.975,108.1081,245.0495,259.445,22.1707,19.3322,42.069,689.4316,21.9228,109.3967,137.0632,335.6223,149.2347,183.2585,545.1689,51.4614,22.508,520.4321,154.6073,665.7277,48.0962,129.5369,509.7462,43.6469,132.2835,357.2251,46.9432,822.2557,83.6237,328.8191,531.2195,58.1081,319.0236,3.6284,220.1303,29.1515,90.2501,444.54,3.5088,379.5235,158.4943,329.0247,257.2491,294.0705,107.1225,19.0786,412.8386,521.4936,305.186,423.1229,100.3608,106.0164,182.5153,129.9816,182.9419,5.0761,635.5132,7.8711,554.1472,45.3988,436.4872,27.1052,183.2691,177.5401,300.2141,95.4379,211.0279,343.0353,31.7714,28.7338,14.829,204.468,152.9247,234.8994,307.6116,69.1643,467.2667,90.5729,26.8456,336.5123,182.3134,290.7249,142.4951,387.6372,427.1897,69.2713,220.5567,71.116,128.1497,202.4481,660.0771,61.4589,86.6446,41.8284,630.4037,135.6638,5.2165,232.4211,518.8679,301.2701,236.0562,48.0346,94.9338,328.3843,70.2027,152.9052,97.2491,7.2113,51.5566,315.4652,11.2726,430.2147,12.1785,468.9783,368.5783,2440.4704,59.8418,67.9629,123.9718,183.1093,147.199,733.5025,168.5509,638.5184,484.9127,27.4262,34.506,89.7634,959.8802,202.1505,290.3965,266.7464,62.5,457.1794,60.7545,416.0058,453.6383,65.554,856.4216,303.1212,222.0963,737.5317,201.3652,35.5273,105.5409,315.9078,342.838,365.4321,58.6114,3.785
CTSE,10433.2715,21588.3576,53870.297,45911.5555,10718.9358,7150.703,3900.6897,56885.2388,20463.1194,35770.4159,27727.0351,3128.7554,5544.0051,14414.0481,25710.7939,1640.2698,7216.5059,4273.0546,5564.0074,16754.9296,27862.4942,7136.4205,25494.4897,16006.3046,8755.9055,23206.5208,7196.5066,68669.6165,48193.8153,22147.3456,42603.9024,6408.1081,35667.9293,60.5951,6059.3773,11530.4529,3425.0128,16917.8848,2180.117,43911.6379,9445.7652,22135.8402,11788.8476,21389.4231,5728.2051,10299.6743,53012.073,13787.5745,12839.8045,4713.1531,29970.9658,26024.9139,60550.3067,25478.8473,25089.8228,14087.8173,13696.4963,18608.6957,28715.8362,3305.5215,12129.6393,8179.2555,28642.2675,2367.2014,15411.9914,6323.0205,21169.5031,51340.5405,17718.7103,15780.8513,11153.8473,8698.599,8909.9019,3912.8816,33915.5816,13184.1178,12634.8507,4169.0968,4231.5436,5014.3052,8576.7205,15620.4209,11828.6477,7054.8816,40918.3235,13537.8221,3355.4604,10780.6346,22848.5721,33570.623,14773.3848,32262.4928,27777.0419,5973.2643,12587.0464,44385.3516,61.5545,19386.1053,16709.5333,41447.3054,26589.0643,3473.6876,57828.8453,29591.2664,5329.5537,12290.083,22873.3049,6087.4846,4606.3631,22085.6439,1605.5418,4300.2301,34337.7812,5009.8574,37376.3441,3562.9593,27938.8151,1594.8311,4650.4113,11436.9769,5334.3266,5553.2995,16865.8787,32893.8375,20662.2552,2604.4304,22761.0999,26342.5433,71077.8443,15127.5986,14313.4654,2655.5024,28306.6589,40342.565,6322.391,25798.1255,52842.8274,51828.6748,24259.889,806.1224,9859.4901,11499.1547,16916.626,41699.7008,2134.5646,16338.9545,13052.439,35171.8519,8260.5951,9395.9122
CYP3A7,2.7804,30.7692,65.3465,4.8585,5.6435,10.1054,0.6897,26.367,4.5673,17.1827,8.5181,12.0172,2.551,6.8656,38.297,9.9925,4.2872,24.6626,14.2239,15.9624,14.7988,16.8961,18.8463,4.8497,7.874,12.7722,2.1834,26.2821,20.4704,14.0845,68.2927,4.7297,3.367,9.434,4.3447,3.1234,6.5339,12.4678,1.1696,10.6574,9.9059,0,1.487,11.2179,3.9886,3.2573,37.9859,6.2755,15.4765,141.243,14.4332,29.6846,53.3742,5.2553,30.4903,2.5381,15.8219,1.8741,26.1428,1.227,7.5797,2.1684,9.3561,3.2086,12.4197,7.3414,21.1028,21.2058,6.6617,5.1463,9.886,10.602,9.6852,1.3182,18.8762,15.69,5.4394,13.7232,21.2528,13.624,5.8108,5.456,9.3439,13.8648,17.7324,9.4209,1.606,5.4705,29.2777,16.5039,16.8756,6.8926,11.0375,0.8624,15.255,7.0745,0,30.7368,20.854,28.2126,4.5688,3.9212,27.8412,37.5546,3.191,7.4268,8.1364,7.5909,2.9826,4.9291,1.6104,6.5414,5.5357,11.133,14.9343,46.5458,1.9947,3.2145,6.463,19.7819,7.1514,17.7665,17.9856,17.1977,25.4103,2.1097,8.7553,1.0086,10.7784,6.4516,3.08,9.5694,7.021,31.9557,2.4645,7.9308,60.7069,3.2174,11.6432,10.2041,5.0992,16.4835,11.7016,15.3328,4.3975,15.1771,6.9158,5.9259,8.1154,0.757
FAM3D,665.431,1995.0104,2387.1287,1975.4742,13.7055,855.8875,44.8276,1624.3786,121.4889,801.8603,535.0886,215.4506,632.0153,136.7837,1064.8064,180.8644,82.5295,3375.6067,193.5683,1142.723,892.246,841.6771,1096.6723,1818.1377,792.126,550.3677,231.441,2728.4623,301.8293,1005.9588,849.2683,1000,350.5892,13.7881,95.5829,309.214,220.5207,743.3362,207.6023,482.5455,319.9604,228.4371,127.1375,222.7564,436.4672,34.9,519.1402,923.1252,298.398,1056.2919,230.5949,134.1108,405.2147,822.2826,826.5348,1022.8426,869.0747,88.4558,816.7631,1209.816,1018.5572,51.6805,759.4937,100.8913,992.7195,538.0178,909.4622,495.2183,57.3935,67.3314,154.4683,158.652,2627.7558,525.9533,335.5763,396.7339,66.3084,90.5729,14.5414,1193.4605,163.4284,615.7443,675.0996,1024.8411,2541.6443,2556.941,2141.863,266.4114,2447.3242,80.8692,1233.3655,547.9609,312.362,1.2937,4145.2443,302.1223,119.9791,852.6316,1314.7964,1578.3932,4238.3508,29.8991,460.0639,891.2664,33.5058,303.1892,183.6497,203.4349,107.4497,2674.6765,69.246,3350.4601,359.2652,960.2227,3782.5568,24781.9696,916.2447,450.4835,3237.9553,3992.3916,159.7139,31.9797,2882.3227,3325.3225,1404.4468,19.5148,12534.4416,26.223,2277.2455,1119.7133,338.7959,770.3349,51.986,314.444,152.8662,3861.5717,4419.5426,129.9015,1243.2344,65.4262,1096.8839,946.3229,748.903,532.5355,19.3492,157.9539,170.1893,50.3704,723.6249,404.2392
KRT20,4.1705,8981.7048,17.3267,4287.6438,1967.9532,1.3181,2.7586,0,0.9135,1.7183,1.1616,2.5751,0,1.5844,397.2374,241.8186,127.5456,0.6263,0,13.1455,0,387.3592,12.5642,31.0378,23.622,101.0012,456.3319,1890.0618,0.8711,120.26,4.3902,83.1081,2.9461,0.3628,1174.5112,1.0411,488.4125,31.8143,1.1696,11.2495,3.4671,550.8813,5.2045,29.6474,17.6638,35.3653,7.0671,29.8086,0.2715,3622.3082,20.1393,0.5301,203.3742,1.7518,3.2963,2.0305,116.0273,800.5997,63.7725,3.272,9260.3241,26.3824,0,24.5989,3.8544,17.3047,81.0075,2.4948,0.5124,2.1443,13.5932,2651.6471,249.2672,0.5273,437.997,792.187,510.2635,36.3664,5.5928,1.3624,0,1643.0242,1.5573,975.7366,0.5373,1.6625,1.0707,1082.6039,0,1.1003,134.0405,2.2975,7.7263,9.0556,2487.394,63.2543,8.3464,0.4211,15.8888,1.0076,39.5965,7.3522,2.2821,63.3188,1.0637,36.2604,144.5176,4.9341,0,3.0807,0,148.773,1.6607,5.1026,3.5842,9942.1852,0,11.4802,0,72.0264,2.9797,3.0457,7030.8325,52.9159,817.3637,0,5.1502,30.7616,5122.1557,0.7168,12.7598,400.7177,3.5047,78.398,1.4699,1431.1464,2.9106,8.4456,0,3.0012,1.6997,5826.7117,1.9503,108.0778,3689.0941,36.5374,23.6101,0,1.8034,0
LGALS4,6621.8721,16120.9979,20869.802,11726.5236,5429.4064,4935.413,2726.2069,10210.9358,4111.441,32765.158,5062.4335,6903.8627,12649.8724,12291.5236,18317.2229,2056.4577,3696.6774,13022.0761,5839.2084,12786.8545,6078.6188,3964.3304,12082.2414,5558.6809,6133.8583,15146.2745,2682.3144,40982.1263,9508.2753,34367.2806,22261.4634,3019.5946,29882.5758,11.611,9273.7147,2562.7277,3998.3665,16965.1763,374.269,19903.3725,23265.9733,9350.8813,16608.1784,16014.4231,4323.0769,728.711,15173.7338,5887.3549,7312.2455,9543.6046,4530.3348,3940.6308,8689.5706,6687.5712,5343.6341,192.3858,23810.8378,14029.6102,15815.9708,3252.7607,17292.9953,1515.721,6592.7353,4507.6649,13122.0557,3367.0687,10172.226,12123.4927,3637.314,6610.4857,4460.6327,10065.1268,4885.4339,2502.4304,6204.317,3938.2004,9212.4587,5472.1111,2194.6309,9911.4441,4627.5649,12819.9532,9322.1362,15149.6245,15958.087,4434.4694,11464.6681,7837.5274,14580.2736,30246.1835,20240.5979,7418.1505,11655.0773,152.2208,27699.0059,19147.732,54.2514,8514.9474,20208.5402,20183.5833,19550.5287,2127.2476,13751.2551,11327.9476,4634.9726,9535.6051,6216.9702,1036.1514,4047.9139,29348.7369,2266.3315,8876.1503,7944.2447,6677.0266,17906.81,109268.0059,9659.7993,1773.0041,6739.718,17695.156,2517.2825,2706.0914,12755.3957,17551.3174,13057.7025,1500.5274,12646.715,8434.2332,35270.6587,6450.8961,21865.0932,6032.2967,5144.2757,70151.2569,2329.2504,20837.7794,13311.0187,10004.8261,13513.8675,9141.0564,7676.4873,11030.8538,10021.4529,3240.0898,3937.9947,3265.8797,8399.7777,13112.0988,2187.1055,7517.7896
LYZ,3792.8638,49453.6383,77499.505,9722.3842,7708.5559,7170.4745,6295.1724,48869.678,16042.9322,26509.502,7979.8664,4125.3219,1220.6633,8138.8962,54429.7785,14553.0852,5987.1383,20025.6772,15529.9938,43801.8779,85683.3667,74399.8748,89687.5112,13116.3919,30862.9921,50160.0071,2659.3886,114059.2587,23540.5052,23385.1571,74960.4878,30256.7568,26247.8956,2304.7896,13902.2448,8599.1671,26178.2542,38989.2519,5936.2573,98069.8181,21546.3101,37150.6463,16675.8364,13553.6859,11324.7863,1141.4611,129258.245,11487.2921,22648.656,45433.2805,8536.3766,84610.1246,118557.9755,9315.2317,50892.8719,19537.0558,28008.9168,8081.7091,23509.8629,13519.8364,30061.9446,20530.5385,90946.6153,15675.5793,17300.6424,14167.2784,82528.2505,53187.526,4622.7401,53476.1445,4975.939,17076.1075,73439.531,20071.643,21393.6905,107003.8425,57128.0192,25138.0893,31587.2483,59563.3515,13584.892,17084.1777,45776.7344,33900.6355,84480.3869,225588.8058,19826.5525,39660.2845,17618.9105,187060.927,33976.3742,23404.3653,46984.5475,4490.7288,17316.1048,60652.5177,3038.602,12165.4737,17298.9076,44340.6065,37337.4893,9926.012,94550.89,31849.7817,9789.0197,80096.5487,47847.7334,13657.0832,3062.0751,19669.7474,4203.6102,19751.5337,4307.3074,9374.9275,53008.3632,28225.3797,30113.7327,3011.4894,51246.181,47022.5716,16764.6007,200456.8528,29933.7102,45506.7798,29665.4314,4441.4557,130700.0603,25189.7387,183350.8982,73557.7061,12838.6034,31100.4785,8629.6729,23922.4542,24904.9486,88038.9329,104377.131,101412.4271,27056.843,47460.9844,19600,42775.9932,52062.8961,100452.5056,5500,22791.4559,7473.082,15525.9259,22422.0018,7277.8198
MYO1A,5.0973,106.8607,116.3366,120.0054,4.031,11.8629,22.7586,443.9161,31.0573,265.7594,200.1742,345.9227,20.4082,489.5696,324.398,29.9775,56.806,1226.2408,109.462,800,72.1443,682.1026,828.3376,71.775,324.4094,1056.791,192.1397,1389.9501,173.7805,421.9935,1349.7561,94.5946,167.9293,1.4514,157.8566,65.0703,241.756,1219.6905,5.2632,1369.4818,386.8252,879.906,8.9219,140.2244,186.3248,31.6426,541.5194,654.8478,62.1776,984.7611,59.7466,27.8293,932.5153,302.0058,383.1891,6.599,1084.9307,3.3733,583.8549,30.6748,499.7386,62.5226,447.4408,84.8485,518.6296,24.1217,404.3567,200,18.4479,80.6261,25.1268,57.554,528.0999,290.5266,40.1992,303.2341,211.0989,47.3449,19.0157,342.6431,240.4213,433.3593,225.0332,314.2692,1348.7372,123.0258,61.5632,156.4551,17.2786,33.0078,1097.3963,45.9506,422.1854,10.7805,1089.2914,868.9139,1.5649,152,1017.3784,556.6947,965.0383,16.6651,605.2031,430.5677,72.33,252.9489,108.4851,2.6568,29.8739,590.2649,4.2943,642.2546,62.5531,529.746,351.8519,2037.2366,97.7416,69.7997,72.8555,31.9554,13.7068,15.2284,694.2446,394.6643,691.3711,7.384,33.476,515.3833,3305.3892,511.828,686.8316,205.7416,151.285,473.7963,39.6864,1397.2603,876.0915,524.0298,1452.8119,60.024,261.7564,6200.3381,327.6451,339.9402,4.3975,100.0562,221.8364,7.9012,169.0712,3.028
PLA2G10,645.9685,529.3139,990.5941,334.2662,43.9383,122.5835,48.9655,500.9726,120.5755,356.8278,769.7222,63.9485,94.3878,324.7954,887.589,59.955,80.3859,172.2248,70.5009,318.3099,277.478,183.98,315.8991,124.6363,335.4331,343.0495,101.5284,553.8024,616.7247,903.0336,1208.7805,145.2703,229.798,17.7794,80.3765,176.9912,132.7208,401.5477,18.7135,261.6995,102.0307,404.2303,392.5651,150.641,50.7123,130.2932,751.7668,177.9103,236.7635,114.5705,179.5754,556.5863,980.6748,671.9804,352.2868,97.9695,324.3491,39.7301,648.0234,71.5746,117.3549,33.6104,243.2581,30.303,160.5996,113.2669,586.113,177.5468,229.0616,98.2095,68.378,212.4195,116.2228,60.3726,228.9609,31.7003,327.6565,55.5788,191.2752,71.5259,203.3775,100.5456,289.6621,248.4113,383.6647,425.0485,177.1949,172.8665,362.851,755.3294,499.5178,364.1585,135.7616,6.0371,396.2184,893.0504,15.6495,215.1579,1112.711,1115.4046,2107.2457,45.0937,1530.3514,776.8559,115.409,121.4504,464.1612,208.3689,185.5073,956.2539,39.7225,259.9693,467.2108,176.2728,460.5735,1568.8388,612.3813,32.6038,299.6475,249.5562,92.9678,87.8173,478.4173,769.4852,340.3917,27.4262,575.7871,321.7364,813.7725,222.9391,147.3982,116.6268,183.9953,1184.9169,40.6663,728.9113,798.7526,485.0191,1577.6528,120.048,394.3343,172.4429,356.8991,441.2865,33.4213,138.2799,214.4582,347.1605,115.4193,52.9902
REG4,4311.8628,1913.5135,5072.7723,16803.6769,67.3184,172.232,7.5862,975.5781,1096.1407,5220.6834,215.6616,118.8841,3128.1888,10179.0335,36644.2079,17.9865,861.7363,513.5431,78.5405,2923.9437,4308.9255,2282.8536,27677.9625,40.2522,2781.1024,7391.5124,2383.1878,85598.6979,5741.7247,13238.3532,68137.561,283.7838,2168.771,0.7257,5850.1086,303.4878,720.7759,7165.5202,13.4503,69122.4185,10055.9683,10859.6945,179.1822,1221.9551,658.1197,152.6291,67738.5159,178.5378,2585.1208,1730.3788,76.1937,102.0408,15496.319,2.4525,10548.8257,1.0152,54452.9717,61.4693,60228.5511,50.3067,6248.0397,20.9613,30.82,81.9964,7787.5803,2222.3388,7006.8074,4412.474,103.5133,662.1636,60.9635,23780.7649,8506.6905,12.6545,2990.4745,1313.1604,19617.9499,647.7333,366.8904,1351.4986,2061.3764,13636.0094,24.1385,10288.8504,5564.7501,712.6628,3077.6231,876.3676,4866.3307,3167.1022,31444.5516,71.7978,5977.3731,1.7249,72090.7221,49018.7266,21.3876,1450.5263,5692.6514,2028.7869,1457.4566,282.8161,2436.7869,6902.1834,645.1201,3976.8458,6368.0744,72.8722,129.1324,9489.2175,454.1252,21187.1166,492.1214,19.9467,3188.7694,331731.0142,927.5482,45.4616,913.631,10610.7025,20.8582,8695.4315,10139.26,64705.1042,38625.7279,66.4557,2308.8135,1437.7279,368970.0599,3250.1792,2431.8503,7056.8182,50.8178,44363.0166,214.6007,6677.7217,56735.1351,2672.029,2835.1178,5.4022,775.6374,3465.765,396.8796,849.6634,123.131,295.1096,578.4469,2600.4938,5132.5518,37.0931
SPINK4,1.3902,0,0,21.3775,0.4031,1.3181,0.6897,14.6963,0,17.1827,86.3421,0.8584,23.5969,4.7531,65.3302,1.4989,1.0718,20.0407,3.7106,274.1784,12.949,18.1477,0,52.3763,17.3228,35.439,50.2183,13.5165,9.1463,39.545,118.5366,22.2973,9.6801,0,18.1028,26.0281,3.6753,25.7954,38.5965,69.8655,10.8965,3.7603,1.487,9.6154,47.8632,5.1187,42.1084,10.9821,35.8403,24.8539,0.3357,47.9724,107.0552,34.6851,4.9444,0.5076,150.6848,9.3703,52.2855,30.6748,33.7167,3.9754,13.2086,0,27.409,62.9261,137.5085,60.2911,4.0995,3.4309,35.0128,62.4763,827.3225,3.9545,25.1682,6.0839,19.4263,0,7.83,4.0872,3.6317,13.2502,0.7787,17.9087,1.0747,0,714.6681,47.593,10.5592,0,7.2324,0.5744,0,0,582.1648,3.7453,8.3464,6.3158,11.9166,15.6177,63.9636,24.9976,18.7129,1918.3406,0,762.3416,7.7489,4.9341,9.6367,3.0807,777.2733,2947.8528,3.3214,9.2775,1.1947,184014.2136,1087.7913,0.4592,87.5441,3310.6771,0,9.6447,193.2169,112.4463,112.2287,1.5823,26.7808,1.0086,380.2395,31.5412,0,4022.7273,10.514,32.8078,32.3371,547.2242,2.4948,37.402,3.2342,21.0084,2.8329,191.4624,1.4627,84.1436,0.4398,2.2485,13.2807,15.3086,0,0
ST6GALNAC1,1463.392,1565.9044,5059.4059,2488.048,813.0606,1372.1441,271.0345,2076.9397,527.9744,1519.5253,2298.3254,638.1974,360.3316,1870.61,1033.2677,219.3355,469.4534,1067.1677,752.6283,1794.3662,1473.7167,540.6758,2558.6029,1194.4714,382.6772,1328.2537,613.5371,3643.0809,2530.4878,1407.909,4223.9024,356.7568,1086.7003,225.3266,574.9457,174.3883,246.6565,902.8375,135.6725,1054.4951,584.4477,1083.9013,2223.0483,1119.391,810.2564,302.9316,1421.3781,615.9398,1700.7874,968.3938,1669.5477,589.9814,2720.5521,1389.8572,2108.3642,188.3249,1154.9991,1320.8396,1190.2876,662.5767,1190.7998,379.111,460.6494,291.9786,1291.2206,302.5695,1149.7617,1350.5198,1511.1917,767.2349,444.4568,406.2855,752.8992,435.2626,1530.3679,101.8252,194.5218,215.4537,474.2729,1033.3787,553.4774,735.7755,1917.8434,839.3992,2224.0731,1556.1097,670.2355,864.3326,581.2335,849.9519,1546.2874,2296.9558,2035.3201,44.4157,2147.6604,2090.7199,989.567,1505.6842,1479.6425,2182.4447,1141.1921,683.7582,3457.3254,1497.8166,210.0762,429.882,2202.2472,425.0878,117.0864,965.496,113.2629,2698.2362,1652.952,1647.6864,1730.5854,28332.6801,1565.196,1106.6925,892.4794,2338.3211,191.8951,18.2741,1314.4913,1546.9077,2332.451,109.1772,939.3879,2049.9347,4228.7425,774.1935,976.3481,857.6555,1498.2477,2301.6617,245.9579,1426.0995,4603.3264,1284.5365,1040.1254,5.4022,576.7705,412.9332,1276.9381,3762.528,102.0229,602.5857,477.6122,782.2222,518.936,1265.7078
TFF1,3879.0547,56908.9397,12880.6931,47187.8887,1279.0487,1205.1845,1197.931,11968.0138,6052.5234,12106.9453,19626.3672,914.1631,2236.6071,5466.0681,12606.4666,461.6538,221.865,390.1675,324.0569,16093.8967,6140.8972,426.1577,55431.3099,11509.6993,3743.3071,7910.3393,177.9476,60219.9065,26168.554,14285.4821,25680,2254.0541,17041.2458,6.1684,1832.0058,315.9813,250.3318,1558.4695,1963.7427,47356.9534,9661.2184,9147.8261,563.5688,1081.7308,2869.5157,219.1717,44368.9635,224.9765,1726.5816,3142.5062,1099.27,2353.2998,23966.2577,456.8626,6317.6761,60.9137,8130.9526,278.8606,12167.076,1556.6462,4406.6911,131.189,10844.2488,322.2816,4887.7944,128.474,12940.0953,4130.1455,681.548,2688.9675,5473.121,2051.4956,13083.7263,18.4545,1277.2874,238.2325,795.4413,632.6378,2791.9463,2754.0872,3904.122,6246.2977,8991.9837,4203.9284,12120.3654,18307.0103,1413.8116,4347.9212,3140.8687,9389.0799,2104.1466,5553.1304,18372.5166,15.9552,30831.234,13041.6146,51.1215,2965.0526,27845.0844,23549.9489,27766.8069,191.1582,10678.6855,7500,34.5695,1056.3565,19006.1991,98.3015,553.149,38065.3112,454.662,1881.135,18053.4912,136.3795,15694.1458,37044.586,8742.2247,241.0845,2655.1116,25056.5559,131.1085,23059.3909,9756.4234,33006.7247,12992.0593,68.5654,8724.3587,7154.3477,19015.5689,5458.7814,355.5157,2698.5646,23613.3178,35802.7269,1512.0039,35007.2098,35614.9688,29579.7305,5036.3284,106.2425,5367.7054,960.6932,9645.0512,7458.8631,16.7106,5840.3598,1934.059,1328.3951,1085.2119,4290.6889
TFF2,4785.4495,16037.0062,2216.3366,55566.8921,823.9444,892.7944,573.1034,601.6858,6431.6054,1247.4655,47885.0063,1497.8541,4758.9286,447.8479,679.5838,365.2261,118.9711,85.173,863.3271,3759.6244,1471.8668,245.3066,45540.6182,2176.0427,4856.6929,5669.1769,52.4017,8398.2721,4120.2091,5839.6533,23081.9512,4329.7297,3832.0707,95.4282,706.7343,709.5263,108.2185,3236.4574,518.1287,23832.4176,7023.7741,6958.4019,4862.4535,3995.1923,1445.0142,44.2066,3503.5336,126.1374,2240.5648,1565.4943,304.1034,114.2327,2131.9018,65.8667,1054.8002,573.0964,1469.9304,444.1529,2534.2629,1379.1411,2444.851,58.9086,16926.2521,168.2709,3282.227,47.7189,3263.4445,4988.7734,729.7175,1205.1035,3369.4686,712.2302,24100.4205,53.5181,172.682,355.4275,1501.7807,325.239,1724.8322,4209.1281,1154.8938,904.9104,566.8656,450.6066,4493.8205,28611.2497,2383.833,1625.8206,592.2726,7287.5808,901.1572,1022.4009,12830.574,223.3721,9938.4439,818.9763,294.7314,1512.8421,4593.3466,1056.4604,5067.3395,31.8597,303.5144,3871.179,3.7229,1427.6977,10881.4413,229.2438,979.0931,447.3198,1268.9739,3383.4356,7629.2649,309.4051,2194.7431,3713.8658,739.3789,928.9788,847.2385,13576.4646,823.0036,22713.7056,1006.1665,3844.7801,2392.8004,40.6118,218.8815,936.4646,911.3772,4419.3548,988.6679,1511.3636,1644.8598,12406.0503,1126.8986,20428.9834,26639.501,6974.0599,1745.8323,16.8067,315.0142,8850.3804,4127.7426,2710.546,8.7951,4083.7549,2595.6331,759.5062,688.4581,8220.2877
TFF3,227.0621,37853.6383,6012.3762,26930.29,87.0704,337.8735,467.5862,4252.8636,1769.3537,470.8066,19168.7155,384.1202,3228.9541,7783.4698,3123.8326,1711.2166,234.7267,547.9881,569.5733,15230.0469,1886.234,444.3054,17588.9364,4561.5907,8259.8425,2897.1383,79.6943,6588.9341,6075.784,1377.5731,4766.8293,964.8649,2066.0774,14.1509,1157.1325,324.3103,268.3002,1349.957,1336.8421,4458.3649,3823.1798,2439.483,340.5204,3383.0128,1291.1681,980.456,12687.5736,98.5253,901.439,3428.0233,372.9126,2034.4553,3142.9448,4360.515,1268.6444,441.6244,2128.7997,25.8621,2870.1576,845.3988,2698.9022,181.7853,6478.8112,319.4296,2782.4411,448.8726,2449.2852,2628.6902,345.8984,693.4706,1325.9559,338.5081,19734.9305,237.0085,485.8866,822.6065,565.4342,439.8274,4162.1924,9227.5204,1908.8433,1113.7958,4713.2384,2016.1756,3994.6265,657.2458,7647.7516,4146.0613,1359.7312,5722.4591,3650.4339,636.4159,10587.1965,14.6615,23431.7214,391.5938,297.3396,2264.8421,7018.8679,15195.4981,17280.8358,330.3606,986.764,6867.6856,156.3605,1414.1547,8238.6672,70.2154,559.4129,27512.6309,767.6111,14453.2209,5287.6751,993.6217,472.5209,182386.0853,6886.4634,362.7747,3945.3584,16898.808,1601.3111,641.1168,7048.8181,8267.2252,11874.0074,192.5105,2088.9019,833.0854,7081.4371,1721.147,1055.9871,9435.4067,2125,7902.0026,2043.1161,10606.3446,1011.2266,12151.2166,2795.6603,268.3073,1912.1813,2066.7794,2825.451,6697.831,33.4213,1947.1613,168.2218,1073.5802,219.5672,2050.7192
TSPAN8,3443.9296,8748.8565,24966.8317,10576.9978,4494.6085,3919.5958,4353.1034,11494.705,3485.7273,10689.9435,9228.9227,7095.279,5856.5051,5975.7064,28674.6802,5566.8249,3590.5681,11231.5641,5434.7557,7775.5869,12679.5129,7897.3717,10339.412,6997.5752,3929.1339,7266.0583,2820.9607,17707.7838,3233.885,7566.6306,20443.4146,3145.9459,5914.5623,22.4964,7073.1354,3560.6455,4136.3961,9928.2029,278.3626,16552.1978,4630.5102,9621.6216,10315.9851,8723.5577,4261.5385,1210.3304,26848.9399,10017.8852,23776.2693,9010.4576,3806.9984,10714.2857,29150.3067,7663.6595,6712.8142,3439.0863,11966.6346,2638.6807,18210.8057,1883.4356,9963.6696,2159.017,7272.9774,3954.0107,10113.0621,2727.8448,13240.9803,4406.6528,5272.0043,3282.5131,2183.9759,11463.4608,8028.5459,4263.5171,5584.1999,8175.1521,12997.9926,5026.1083,3038.0313,7183.9237,3487.9245,6486.3601,4333.2516,8116.6956,8581.4078,8349.1272,6650.4283,6156.4551,9071.2743,19045.5233,11599.325,9056.2895,17919.426,2485.5541,14164.4987,13215.98,135.6286,5933.8947,17921.0526,18626.8533,10789.5445,1873.8405,25773.1629,13991.7031,3026.693,6100.9174,7962.0302,6098.1118,1565.4889,20476.2785,1236.7664,5054.8313,5340.264,5142.9897,11996.4158,23177.364,15181.2043,2362.1686,5481.1986,4104.9962,1763.4088,1644.6701,7425.4882,8144.6368,7375.8602,1635.0211,21786.691,11467.5314,18376.6467,4453.0466,4960.4995,5892.3445,5247.0794,6669.7912,2587.4571,14898.3417,12261.5385,12331.7917,12723.424,3048.0192,9915.0142,14407.0161,8254.0224,18634.2558,2577.8364,5560.9893,8371.7407,4453.3333,1797.5654,4308.0999
VSIG2,4996.2929,2710.6029,4165.3465,4985.3273,2029.225,1361.1599,650.3448,3177.869,1130.8518,3010.9855,3217.8879,761.8026,1137.1173,3045.6826,5778.3393,252.3108,613.0761,963.2065,1119.3568,2544.6009,2733.4669,1046.9337,3004.6308,1918.0407,1411.0236,1450.8727,1896.2882,4798.369,6106.2718,4229.6858,4842.9268,1102.027,3497.0539,251.4514,1504.7067,762.6236,710.5666,1830.1806,1447.3684,5064.6552,1660.7182,1819.9765,3046.0967,2014.4231,1092.3077,485.8074,4214.0754,743.9598,44.2574,1516.9988,1805.1523,2626.8222,6005.8282,3465.709,2467.6555,644.6701,1302.2935,863.1934,2227.2835,1165.6442,271.563,149.2591,1150.2477,362.9234,1535.3319,238.5947,2562.968,1181.7048,1526.565,783.5317,1605.6465,1691.0261,879.3169,378.0536,2285.7642,95.7413,946.1892,378.0731,175.6152,1031.3351,889.7766,1194.0764,1893.7049,1140.959,2552.3912,3742.3109,1096.8951,1379.6499,1904.0077,2146.0597,1150.4339,2531.8782,2620.8609,78.4821,3501.2348,1949.2301,499.7392,1947.7895,6489.0765,9604.8727,6395.3459,223.508,8040.6207,2879.9127,624.3784,501.0922,2083.6885,779.5806,1059.5599,6674.6765,537.8646,832.0552,3021.924,2242.8389,2559.1398,3735.4238,3254.0651,450.9428,1110.4583,1809.7895,515.4946,892.8934,2584.7893,4060.4123,2064.0551,149.789,6246.1052,1807.3717,3983.8323,1289.6057,810.4701,452.7512,1895.4439,5060.5028,452.2293,4695.0252,5989.605,3285.3408,3414.0433,20.4082,2859.4901,807.6881,2059.4832,3583.7696,146.8777,934.2327,449.5753,1943.2099,598.7376,2181.6805
